,season,bowler,wickets
629,2013,DJ Bravo,32
447,2011,SL Malinga,28
655,2013,JP Faulkner,28
1269,2019,Imran Tahir,26
848,2015,DJ Bravo,26
1049,2017,B Kumar,26
1280,2019,K Rabada,25
537,2012,M Morkel,25
640,2013,Harbhajan Singh,24
576,2012,SP Narine,24
668,2013,MG Johnson,24
1076,2017,JD Unadkat,24
911,2015,SL Malinga,24
1145,2018,AJ Tye,24
925,2015,YS Chahal,23
174,2009,RP Singh,23
780,2014,MM Sharma,23
939,2016,B Kumar,23
695,2013,R Vinay Kumar,23
402,2011,MM Patel,22
1257,2019,DL Chahar,22
575,2012,SL Malinga,22
84,2008,Sohail Tanvir,22
831,2015,A Nehra,22
713,2013,SP Narine,22
1218,2018,S Kaul,21
284,2010,PP Ojha,21
812,2014,SP Narine,21
1032,2016,YS Chahal,21
99,2009,A Kumble,21
1216,2018,Rashid Khan,21
598,2013,A Mishra,21
432,2011,S Aravind,21
671,2013,MM Sharma,20
1276,2019,K Ahmed,20
1077,2017,JJ Bumrah,20
711,2013,SL Malinga,20
735,2014,B Kumar,20
1231,2018,UT Yadav,20
416,2011,R Ashwin,20
1019,2016,SR Watson,20
882,2015,MA Starc,20
1316,2019,S Gopal,20
102,2009,A Nehra,19
1275,2019,JJ Bumrah,19
558,2012,R Vinay Kumar,19
333,2011,A Mishra,19
676,2013,NLTC Perera,19
77,2008,SK Warne,19
800,2014,RA Jadeja,19
1297,2019,Mohammed Shami,19
658,2013,KK Cooper,19
585,2012,UT Yadav,19
636,2013,DW Steyn,19
1089,2017,MJ McClenaghan,19
68,2008,S Sreesanth,19
1172,2018,HH Pandya,18
861,2015,Harbhajan Singh,18
840,2015,B Kumar,18
885,2015,MJ McClenaghan,18
953,2016,DS Kulkarni,18
187,2009,SL Malinga,18
508,2012,DW Steyn,18
164,2009,PP Ojha,18
1073,2017,Imran Tahir,18
815,2014,Sandeep Sharma,18
1340,2019,YS Chahal,18
1229,2018,TA Boult,18
595,2012,Z Khan,17
51,2008,MS Gony,17
363,2011,DE Bollinger,17
860,2015,HV Patel,17
211,2010,A Mishra,17
210,2010,A Kumble,17
1181,2018,JJ Bumrah,17
949,2016,DJ Bravo,17
1189,2018,Kuldeep Yadav,17
1313,2019,Rashid Khan,17
987,2016,MJ McClenaghan,17
1135,2017,UT Yadav,17
1126,2017,Sandeep Sharma,17
992,2016,Mustafizur Rahman,17
545,2012,P Awana,17
246,2010,Harbhajan Singh,17
58,2008,PP Chawla,17
1223,2018,SP Narine,17
79,2008,SR Watson,17
1112,2017,Rashid Khan,17
36,2008,JA Morkel,17
1102,2017,P Negi,17
733,2014,AR Patel,17
778,2014,MG Johnson,17
135,2009,IK Pathan,17
1061,2017,CR Woakes,17
1326,2019,SL Malinga,16
652,2013,JH Kallis,16
603,2013,AB Dinda,16
1115,2017,S Kaul,16
720,2013,UT Yadav,16
528,2012,KA Pollard,16
158,2009,MM Patel,16
1266,2019,Harbhajan Singh,16
376,2011,Iqbal Abdulla,16
1222,2018,SN Thakur,16
426,2011,RJ Harris,16
551,2012,PP Chawla,16
811,2014,SL Malinga,16
792,2014,R Ashwin,16
291,2010,R Vinay Kumar,16
821,2014,VR Aaron,16
270,2010,M Muralitharan,16
91,2008,VY Mahesh,16
421,2011,R Sharma,16
847,2015,D Wiese,16
413,2011,PP Chawla,16
684,2013,PP Ojha,16
765,2014,KV Sharma,15
524,2012,JH Kallis,15
162,2009,PJ Sangwan,15
790,2014,PV Tambe,15
332,2010,Z Khan,15
501,2012,DJ Bravo,15
312,2010,SL Malinga,15
627,2013,CH Morris,15
1043,2017,AR Patel,15
678,2013,P Awana,15
1022,2016,Sandeep Sharma,15
379,2011,JA Morkel,15
249,2010,IK Pathan,15
616,2013,Azhar Mahmood,15
969,2016,JJ Bumrah,15
643,2013,I Sharma,15
838,2015,Anureet Singh,15
933,2016,AD Russell,15
691,2013,R Rampaul,15
260,2010,KA Pollard,15
541,2012,MM Patel,15
538,2012,M Muralitharan,15
687,2013,R Ashwin,15
244,2010,DW Steyn,15
864,2015,Imran Tahir,15
888,2015,NM Coulter-Nile,15
126,2009,DP Nannes,15
1311,2019,RA Jadeja,15
65,2008,RP Singh,15
1103,2017,PJ Cummins,15
34,2008,IK Pathan,15
1100,2017,NM Coulter-Nile,15
49,2008,MF Maharoof,15
1307,2019,R Ashwin,15
1195,2018,M Markande,15
1177,2018,J Archer,15
845,2015,CH Morris,14
1166,2018,DJ Bravo,14
1227,2018,Shakib Al Hasan,14
940,2016,BB Sran,14
747,2014,Harbhajan Singh,14
886,2015,MM Sharma,14
776,2014,MA Starc,14
294,2010,RJ Harris,14
788,2014,PP Chawla,14
97,2008,Z Khan,14
1139,2017,YS Chahal,14
186,2009,SK Warne,14
1199,2018,MJ McClenaghan,14
1196,2018,M Ur Rahman,14
100,2009,A Mishra,14
834,2015,AD Russell,14
50,2008,MM Patel,14
466,2011,Z Khan,14
206,2009,YA Abdulla,14
370,2011,DW Steyn,14
494,2012,BW Hilfenhaus,14
554,2012,R Ashwin,14
489,2012,Azhar Mahmood,14
371,2011,Harbhajan Singh,14
1264,2019,HH Pandya,14
154,2009,M Muralitharan,14
469,2012,A Mishra,13
916,2015,Sandeep Sharma,13
929,2016,A Mishra,13
1144,2018,AD Russell,13
464,2011,YK Pathan,13
446,2011,SK Warne,13
254,2010,JH Kallis,13
520,2012,JA Morkel,13
853,2015,DS Kulkarni,13
428,2011,RP Singh,13
1312,2019,RD Chahar,13
836,2015,AR Patel,13
1247,2019,B Kumar,13
555,2012,R Bhatia,13
1253,2019,CH Morris,13
286,2010,R Ashwin,13
399,2011,M Morkel,13
794,2014,R Dhawan,13
76,2008,SK Trivedi,13
617,2013,B Kumar,13
1267,2019,I Sharma,13
295,2010,RP Singh,13
1211,2018,PP Chawla,13
714,2013,SR Watson,13
650,2013,JD Unadkat,13
935,2016,AR Patel,13
701,2013,RP Singh,13
696,2013,RA Jadeja,13
574,2012,SK Trivedi,13
1083,2017,KV Sharma,13
304,2010,SB Jakati,13
137,2009,JA Morkel,13
181,2009,SB Jakati,13
945,2016,CH Morris,13
161,2009,P Kumar,13
988,2016,MM Sharma,13
148,2009,L Balaji,13
1091,2017,MM Sharma,13
1323,2019,S Sharma,12
826,2014,YS Chahal,12
86,2008,Umar Gul,12
283,2010,PP Chawla,12
793,2014,R Bhatia,12
1205,2018,Mohammed Siraj,12
1084,2017,Kuldeep Yadav,12
772,2014,M Morkel,12
768,2014,L Balaji,12
1226,2018,Sandeep Sharma,12
710,2013,SK Trivedi,12
1235,2018,YS Chahal,12
679,2013,P Kumar,12
661,2013,L Balaji,12
659,2013,KV Sharma,12
366,2011,DL Vettori,12
985,2016,MC Henriques,12
132,2009,Harbhajan Singh,12
2,2008,A Nehra,12
1042,2017,AJ Tye,12
30,2008,GD McGrath,12
581,2012,Shakib Al Hasan,12
1282,2019,KH Pandya,12
559,2012,RA Jadeja,12
1051,2017,BA Stokes,12
1057,2017,CH Morris,12
422,2011,R Vinay Kumar,12
163,2009,PP Chawla,12
1143,2018,A Mishra,12
931,2016,A Zampa,12
237,2010,DE Bollinger,12
214,2010,A Symonds,12
59,2008,PP Ojha,11
78,2008,SM Pollock,11
316,2010,SW Tait,11
134,2009,I Sharma,11
744,2014,DW Steyn,11
1121,2017,SN Thakur,11
1,2008,A Mishra,11
28,2008,DS Kulkarni,11
123,2009,DJ Bravo,11
467,2012,A Ashish Reddy,11
600,2013,A Nehra,11
311,2010,SK Warne,11
883,2015,MC Henriques,11
1000,2016,PP Chawla,11
760,2014,JP Faulkner,11
1270,2019,J Archer,11
42,2008,L Balaji,11
375,2011,IK Pathan,11
374,2011,I Sharma,11
310,2010,SK Trivedi,11
369,2011,DT Christian,11
1010,2016,S Aravind,11
902,2015,RA Jadeja,11
767,2014,Karanveer Singh,11
1255,2019,DJ Bravo,11
46,2008,M Muralitharan,11
21,2008,DJ Bravo,11
1215,2018,RA Jadeja,11
816,2014,Shakib Al Hasan,11
1120,2017,SL Malinga,11
1147,2018,AS Rajpoot,11
471,2012,A Nehra,11
172,2009,RG Sharma,11
863,2015,IC Pandey,11
452,2011,Shakib Al Hasan,11
252,2010,JA Morkel,11
932,2016,AB Dinda,11
893,2015,PP Chawla,11
55,2008,P Kumar,11
688,2013,R Bhatia,11
1241,2019,AD Russell,11
1180,2018,JD Unadkat,11
533,2012,L Balaji,11
1186,2018,KH Pandya,11
343,2011,AC Thomas,11
1066,2017,DT Christian,11
946,2016,CJ Jordan,11
89,2008,VRV Singh,11
683,2013,PP Chawla,11
1190,2018,L Ngidi,11
1217,2018,S Gopal,11
1300,2019,N Saini,11
1054,2017,Basil Thampi,11
819,2014,UT Yadav,11
1018,2016,SP Narine,11
1034,2016,Z Khan,10
1243,2019,AR Patel,10
1036,2017,A Mishra,10
897,2015,R Ashwin,10
867,2015,J Suchith,10
657,2013,KA Pollard,10
167,2009,R Bhatia,10
472,2012,A Singh,10
445,2011,SK Trivedi,10
1329,2019,SP Narine,10
510,2012,GB Hogg,10
440,2011,SB Jakati,10
529,2012,KK Cooper,10
1314,2019,S Curran,10
17,2008,CRD Fernando,10
1306,2019,PP Chawla,10
414,2011,PP Ojha,10
409,2011,P Kumar,10
565,2012,RP Singh,10
1097,2017,Mohammed Siraj,10
921,2015,UT Yadav,10
395,2011,L Balaji,10
587,2012,V Pratap Singh,10
391,2011,KA Pollard,10
1274,2019,JD Unadkat,10
645,2013,IK Pathan,10
29,2008,DW Steyn,10
1238,2019,A Mishra,10
280,2010,P Kumar,10
1082,2017,KH Pandya,10
1003,2016,R Ashwin,10
754,2014,JD Unadkat,10
1122,2017,SP Narine,10
1184,2018,K Gowtham,10
1168,2018,DL Chahar,10
983,2016,M Morkel,10
877,2015,KV Sharma,10
1028,2016,UT Yadav,10
1141,2017,Z Khan,10
884,2015,MG Johnson,10
879,2015,M Morkel,10
1208,2018,P Krishna,10
1212,2018,R Ashwin,10
919,2015,TA Boult,9
282,2010,PJ Sangwan,9
1279,2019,K Paul,9
994,2016,NLTC Perera,9
571,2012,SB Jakati,9
1152,2018,B Laughlin,9
81,2008,Shahid Afridi,9
556,2012,R Sharma,9
830,2015,A Mishra,9
218,2010,AB Dinda,9
960,2016,Harbhajan Singh,9
465,2011,Yuvraj Singh,9
103,2009,A Singh,9
460,2011,WD Parnell,9
476,2012,AB Dinda,9
1151,2018,B Kumar,9
500,2012,DE Bollinger,9
855,2015,GB Hogg,9
552,2012,PP Ojha,9
512,2012,HV Patel,9
517,2012,J Botha,9
7,2008,AB Dinda,9
930,2016,A Nehra,9
546,2012,P Kumar,9
268,2010,M Kartik,9
996,2016,P Kumar,9
706,2013,S Nadeem,9
664,2013,M Kartik,9
335,2011,A Singh,9
171,2009,RE van der Merwe,9
1027,2016,TG Southee,9
751,2014,Imran Tahir,9
326,2010,WPUJC Vaas,9
693,2013,R Sharma,9
168,2009,R Vinay Kumar,9
307,2010,SE Bond,9
766,2014,KW Richardson,9
712,2013,SMSM Senanayake,9
357,2011,BA Bhatt,9
1114,2017,S Badree,9
340,2011,AB Agarkar,8
423,2011,RA Jadeja,8
989,2016,MP Stoinis,8
874,2015,JP Faulkner,8
1078,2017,JP Faulkner,8
738,2014,BW Hilfenhaus,8
417,2011,R Bhatia,8
507,2012,DT Christian,8
1334,2019,UT Yadav,8
1137,2017,Washington Sundar,8
980,2016,KW Richardson,8
1008,2016,RA Jadeja,8
542,2012,MN Samuels,8
273,2010,MF Maharoof,8
873,2015,JP Duminy,8
443,2011,SJ Srivastava,8
1319,2019,S Lamichhane,8
52,2008,Mohammad Asif,8
717,2013,Sandeep Sharma,8
729,2014,A Nehra,8
95,2008,YK Pathan,8
6,2008,AB Agarkar,8
1328,2019,SN Thakur,8
1070,2017,Harbhajan Singh,8
952,2016,DR Smith,8
515,2012,IK Pathan,8
40,2008,Joginder Sharma,8
634,2013,DS Kulkarni,8
222,2010,AD Mathews,8
1037,2017,A Nehra,8
247,2010,Harmeet Singh,8
589,2012,VR Aaron,8
1163,2018,CR Woakes,8
631,2013,DJG Sammy,8
806,2014,S Nadeem,8
906,2015,S Aravind,8
1296,2019,Mohammad Nabi,8
1154,2018,BA Stokes,8
360,2011,CH Gayle,8
570,2012,S Nadeem,8
490,2012,B Kumar,8
562,2012,RJ Harris,8
251,2010,J Theron,8
889,2015,P Kumar,7
1087,2017,MG Johnson,7
982,2016,M Ashwin,7
480,2012,AD Mathews,7
479,2012,AD Mascarenhas,7
514,2012,Harmeet Singh,7
491,2012,B Lee,7
473,2012,AA Chavan,7
723,2013,WD Parnell,7
1174,2018,Harbhajan Singh,7
1206,2018,Mustafizur Rahman,7
728,2014,A Mishra,7
813,2014,SR Watson,7
783,2014,P Awana,7
1263,2019,H Viljoen,7
913,2015,SP Narine,7
646,2013,Iqbal Abdulla,7
947,2016,CR Brathwaite,7
1038,2017,A Zampa,7
799,2014,R Vinay Kumar,7
1201,2018,MM Sharma,7
649,2013,JA Morkel,7
1261,2019,H Gurney,7
901,2015,R Vinay Kumar,7
1298,2019,Mohammed Siraj,7
895,2015,PV Tambe,7
1173,2018,HV Patel,7
665,2013,M Morkel,7
667,2013,MC Henriques,7
553,2012,Pankaj Singh,7
673,2013,MR Marsh,7
547,2012,P Negi,7
781,2014,Mohammed Shami,7
927,2015,Z Khan,7
833,2015,AD Mathews,7
1136,2017,VR Aaron,7
1067,2017,GJ Maxwell,7
674,2013,MS Gony,7
0,2008,A Kumble,7
147,2009,Kamran Khan,7
248,2010,I Sharma,7
241,2010,DP Nannes,7
236,2010,CRD Fernando,7
39,2008,JR Hopes,7
47,2008,M Ntini,7
54,2008,P Amarnath,7
438,2011,S Sreesanth,7
207,2009,YK Pathan,7
191,2009,ST Jayasuriya,7
184,2009,SK Raina,7
358,2011,BJ Hodge,7
412,2011,PC Valthaty,7
104,2009,A Symonds,7
377,2011,J Botha,7
403,2011,MR Marsh,7
385,2011,JH Kallis,7
118,2009,BJ Hodge,7
389,2011,JR Hopes,7
33,2008,I Sharma,7
125,2009,DL Vettori,7
266,2010,L Balaji,7
209,2009,Z Khan,6
185,2009,SK Trivedi,6
804,2014,S Gopal,6
320,2010,UT Yadav,6
73,2008,SC Ganguly,6
580,2012,SW Tait,6
1213,2018,R Tewatia,6
140,2009,JH Kallis,6
981,2016,Kuldeep Yadav,6
976,2016,KH Pandya,6
964,2016,Iqbal Abdulla,6
1117,2017,S Nadeem,6
531,2012,KP Appanna,6
309,2010,SK Raina,6
208,2009,Yuvraj Singh,6
1224,2018,SR Watson,6
578,2012,SR Watson,6
1079,2017,K Rabada,6
61,2008,R Bhatia,6
1068,2017,HH Pandya,6
383,2011,JE Taylor,6
381,2011,JD Unadkat,6
1004,2016,R Bhatia,6
364,2011,DJ Bravo,6
823,2014,WD Parnell,6
169,2009,RA Jadeja,6
1012,2016,S Kaushik,6
179,2009,S Sreesanth,6
1317,2019,S Kaul,6
108,2009,AD Mascarenhas,6
1176,2018,Imran Tahir,6
308,2010,SJ Srivastava,6
105,2009,AB Agarkar,6
1228,2018,T Curran,6
173,2009,RJ Harris,6
213,2010,A Nehra,6
1105,2017,PP Chawla,6
597,2013,A Chandila,6
726,2013,Yuvraj Singh,6
257,2010,Jaskaran Singh,6
451,2011,SW Tait,6
1287,2019,M Ali,6
715,2013,STR Binny,6
743,2014,DS Kulkarni,6
1258,2019,DS Kulkarni,6
44,2008,LR Shukla,6
890,2015,P Negi,6
506,2012,DS Kulkarni,6
523,2012,JEC Franklin,6
905,2015,RS Bopara,6
1248,2019,BA Stokes,6
448,2011,SR Watson,6
513,2012,Harbhajan Singh,6
749,2014,IC Pandey,6
313,2010,SR Watson,6
914,2015,SR Watson,6
437,2011,S Randiv,6
1101,2017,P Kumar,6
920,2015,TG Southee,6
1237,2019,A Joseph,6
1104,2017,PJ Sangwan,5
128,2009,DS Kulkarni,5
1035,2017,A Choudhary,5
281,2010,PD Collingwood,5
641,2013,Harmeet Singh,5
297,2010,RS Bopara,5
290,2010,R Sharma,5
607,2013,AD Mathews,5
378,2011,J Syed Mohammad,5
130,2009,FH Edwards,5
1096,2017,Mohammed Shami,5
1113,2017,S Aravind,5
139,2009,JDP Oram,5
159,2009,MS Gony,5
1109,2017,RA Jadeja,5
730,2014,AB Dinda,5
192,2009,Shoaib Ahmed,5
176,2009,RR Powar,5
963,2016,Imran Tahir,5
727,2013,Z Khan,5
842,2015,BE Hendricks,5
317,2010,T Thushara,5
234,2010,CK Langeveldt,5
330,2010,YK Pathan,5
708,2013,S Sreesanth,5
226,2010,AP Dole,5
331,2010,Yuvraj Singh,5
915,2015,STR Binny,5
334,2011,A Mithun,5
219,2010,AB McDonald,5
941,2016,BCJ Cutting,5
349,2011,AN Ahmed,5
647,2013,J Botha,5
195,2009,TL Suman,5
828,2014,Z Khan,5
991,2016,Mohammed Shami,5
356,2011,B Lee,5
757,2014,JJ Bumrah,5
827,2014,Yuvraj Singh,5
1001,2016,PV Tambe,5
361,2011,CK Langeveldt,5
182,2009,SB Styris,5
180,2009,S Tyagi,5
368,2011,DS Kulkarni,5
1023,2016,Shakib Al Hasan,5
341,2011,AB Dinda,5
468,2012,A Chandila,5
1220,2018,S Mavi,5
1219,2018,S Lamichhane,5
1157,2018,Basil Thampi,5
1162,2018,CR Brathwaite,5
1171,2018,GJ Maxwell,5
1175,2018,I Sodhi,5
93,2008,WPUJC Vaas,5
418,2011,R McLaren,5
548,2012,P Parameswaran,5
82,2008,Shoaib Akhtar,5
424,2011,RE van der Merwe,5
430,2011,RV Gomez,5
67,2008,RR Raje,5
1123,2017,SR Watson,5
1153,2018,B Stanlake,5
62,2008,R Vinay Kumar,5
1230,2018,TG Southee,5
56,2008,PJ Sangwan,5
504,2012,DL Vettori,5
1271,2019,J Behrendorff,5
32,2008,Harbhajan Singh,5
27,2008,DR Smith,5
1288,2019,M Ashwin,5
1301,2019,O Thomas,5
477,2012,AB McDonald,5
1332,2019,TA Boult,5
1155,2018,BB Sran,5
300,2010,S Narwal,5
591,2012,WD Parnell,5
116,2009,B Lee,5
1130,2017,TA Boult,5
1133,2017,TS Mills,5
122,2009,D du Preez,4
746,2014,HV Patel,4
1233,2018,Washington Sundar,4
217,2010,AB Agarkar,4
435,2011,S Nadeem,4
742,2014,DR Smith,4
530,2012,KMDN Kulasekara,4
205,2009,Y Venugopal Rao,4
203,2009,WPUJC Vaas,4
917,2015,Shakib Al Hasan,4
1290,2019,M Santner,4
955,2016,GB Hogg,4
750,2014,IK Pathan,4
115,2009,B Akhil,4
536,2012,M Kartik,4
70,2008,SB Bangar,4
1207,2018,N Rana,4
221,2010,AD Mascarenhas,4
739,2014,CJ Anderson,4
990,2016,MR Marsh,4
1284,2019,Kuldeep Yadav,4
253,2010,JD Unadkat,4
865,2015,Iqbal Abdulla,4
387,2011,JP Duminy,4
1268,2019,I Sodhi,4
238,2010,DJ Bravo,4
488,2012,Ankit Sharma,4
38,2008,JH Kallis,4
1259,2019,DW Steyn,4
233,2010,CH Gayle,4
850,2015,DJ Muthuswami,4
734,2014,Ankit Sharma,4
444,2011,SK Raina,4
442,2011,SB Wagh,4
26,2008,DP Vijaykumar,4
516,2012,Iqbal Abdulla,4
704,2013,S Kaul,4
737,2014,BE Hendricks,4
80,2008,ST Jayasuriya,4
753,2014,JA Morkel,4
756,2014,JH Kallis,4
410,2011,P Parameswaran,4
1081,2017,KC Cariappa,4
288,2010,R McLaren,4
619,2013,B Lee,4
1337,2019,VR Aaron,4
110,2009,AM Nayar,4
404,2011,MS Gony,4
1170,2018,DT Christian,4
1169,2018,DS Kulkarni,4
106,2009,AB Dinda,4
146,2009,KP Pietersen,4
789,2014,PP Ojha,4
301,2010,S Sreesanth,4
380,2011,JD Ryder,4
1044,2017,AS Rajpoot,4
777,2014,MC Henriques,4
156,2009,MF Maharoof,4
632,2013,DP Nannes,4
1056,2017,C de Grandhomme,4
1338,2019,Washington Sundar,4
299,2010,S Ladda,4
152,2009,M Kartik,4
1188,2018,KV Sharma,4
453,2011,TG Southee,4
764,2014,KK Cooper,4
1191,2018,L Plunkett,4
1125,2017,STR Binny,4
359,2011,Bipul Sharma,4
1302,2019,P Krishna,4
1150,2018,Avesh Khan,4
141,2009,JP Duminy,4
13,2008,B Lee,4
112,2009,AM Salvi,4
31,2008,Gagandeep Singh,3
23,2008,DJ Thornely,3
829,2015,A Ashish Reddy,3
854,2015,DW Steyn,3
1299,2019,N Rana,3
296,2010,RR Powar,3
858,2015,Gurkeerat Singh,3
1303,2019,P Negi,3
817,2014,Shivam Sharma,3
837,2015,Ankit Sharma,3
784,2014,P Kumar,3
1292,2019,MJ McClenaghan,3
275,2010,MM Patel,3
1291,2019,M Ur Rahman,3
843,2015,Bipul Sharma,3
267,2010,LR Shukla,3
814,2014,STR Binny,3
265,2010,L Ablish,3
264,2010,Kamran Khan,3
1107,2017,R Tewatia,3
121,2009,CK Langeveldt,3
287,2010,R Bhatia,3
263,2010,KP Pietersen,3
150,2009,LR Shukla,3
255,2010,JM Kemp,3
1007,2016,R Vinay Kumar,3
72,2008,SB Styris,3
194,2009,T Thushara,3
1204,2018,Mohammed Shami,3
188,2009,SM Harwood,3
995,2016,NM Coulter-Nile,3
1202,2018,MP Stoinis,3
998,2016,P Sahu,3
1085,2017,LH Ferguson,3
1193,2018,M Ashwin,3
1192,2018,M Ali,3
88,2008,V Sehwag,3
1131,2017,TG Southee,3
1009,2016,RP Singh,3
1187,2018,KM Asif,3
96,2008,Yuvraj Singh,3
1025,2016,T Shamsi,3
1160,2018,CJ Anderson,3
1041,2017,AF Milne,3
1159,2018,CH Morris,3
1055,2017,Bipul Sharma,3
1069,2017,HV Patel,3
1058,2017,CJ Anderson,3
1146,2018,AR Patel,3
975,2016,KC Cariappa,3
138,2009,JD Ryder,3
961,2016,I Sharma,3
870,2015,JA Morkel,3
872,2015,JJ Bumrah,3
875,2015,KA Pollard,3
37,2008,JDP Oram,3
45,2008,M Kartik,3
231,2010,Bipul Sharma,3
1244,2019,AS Rajpoot,3
1242,2019,AJ Tye,3
1240,2019,A Singh,3
223,2010,AG Murtaza,3
1065,2017,DS Kulkarni,3
923,2015,VR Aaron,3
133,2009,Harmeet Singh,3
66,2008,RR Powar,3
936,2016,AS Rajpoot,3
1221,2018,S Nadeem,3
136,2009,J Botha,3
942,2016,Bipul Sharma,3
202,2009,WA Mota,3
950,2016,DJ Hooda,3
958,2016,HH Pandya,3
117,2009,BAW Mendis,3
670,2013,MM Patel,3
626,2013,CH Gayle,3
762,2014,K Santokie,3
590,2012,VY Mahesh,3
419,2011,R Ninan,3
355,2011,B Kumar,3
563,2012,RJ Peterson,3
697,2013,RE van der Merwe,3
503,2012,DJ Hussey,3
319,2010,TM Dilshan,3
475,2012,AB Agarkar,3
499,2012,DAJ Bracewell,3
478,2012,AC Thomas,3
694,2013,R Shukla,3
579,2012,STR Binny,3
653,2013,JJ Bumrah,3
386,2011,JJ van der Wath,3
759,2014,JP Duminy,3
569,2012,S Dhawan,3
748,2014,I Sharma,3
372,2011,Harmeet Singh,3
741,2014,DJG Sammy,3
348,2011,AM Salvi,3
666,2013,M Muralitharan,3
732,2014,AN Ahmed,3
594,2012,YK Pathan,3
612,2013,AN Ahmed,3
648,2013,J Syed Mohammad,3
609,2013,AG Murtaza,3
526,2012,JP Faulkner,3
773,2014,M Muralitharan,3
352,2011,Anand Rajan,3
539,2012,M de Lange,3
322,2010,V Sehwag,3
344,2011,AG Murtaza,3
384,2011,JEC Franklin,3
690,2013,R McLaren,3
596,2013,A Ashish Reddy,3
543,2012,MS Gony,3
487,2012,Anand Rajan,3
540,2012,MJ Clarke,2
1179,2018,J Searles,2
408,2011,NLTC Perera,2
83,2008,Shoaib Malik,2
1074,2017,Iqbal Abdulla,2
74,2008,SD Chitnis,2
1214,2018,R Vinay Kumar,2
560,2012,RE van der Merwe,2
98,2009,A Flintoff,2
229,2010,BAW Mendis,2
977,2016,KJ Abbott,2
94,2008,Y Venugopal Rao,2
87,2008,V Kohli,2
1198,2018,MG Johnson,2
621,2013,BAW Mendis,2
1185,2018,K Khejroliya,2
240,2010,DL Vettori,2
145,2009,KP Appanna,2
230,2010,BJ Hodge,2
775,2014,M de Lange,2
1165,2018,D Willey,2
944,2016,CH Gayle,2
215,2010,A Uniyal,2
347,2011,AM Nayar,2
346,2011,AL Menaria,2
689,2013,R Dhawan,2
129,2009,DW Steyn,2
1111,2017,RD Chahar,2
204,2009,Y Nagar,2
1129,2017,T Natarajan,2
1108,2017,R Vinay Kumar,2
1106,2017,R Bhatia,2
1093,2017,MP Stoinis,2
1095,2017,Mohammad Nabi,2
957,2016,Gurkeerat Singh,2
200,2009,VS Malik,2
966,2016,J Yadav,2
967,2016,JA Morkel,2
143,2009,Joginder Sharma,2
973,2016,JW Hastings,2
572,2012,SC Ganguly,2
573,2012,SK Raina,2
1158,2018,C de Grandhomme,2
910,2015,SK Raina,2
429,2011,RR Powar,2
1156,2018,BCJ Cutting,2
972,2016,JP Faulkner,2
1132,2017,TM Head,2
114,2009,Anureet Singh,2
971,2016,JP Duminy,2
970,2016,JO Holder,2
119,2009,C Nanda,2
614,2013,Anand Rajan,2
924,2015,YK Pathan,2
400,2011,M Muralitharan,2
611,2013,AM Nayar,2
22,2008,DJ Hussey,2
1324,2019,S Warrier,2
1005,2016,R Dhawan,2
292,2010,RE van der Merwe,2
1046,2017,Ankit Soni,2
654,2013,JO Holder,2
1294,2019,MP Stoinis,2
456,2011,UT Yadav,2
1017,2016,SM Boland,2
457,2011,V Kohli,2
8,2008,AD Mascarenhas,2
276,2010,MR Marsh,2
763,2014,KA Pollard,2
458,2011,VR Aaron,2
289,2010,R Sathish,2
18,2008,D Kalyankrishna,2
1050,2017,B Stanlake,2
1308,2019,R Parag,2
1310,2019,R Tewatia,2
165,2009,Pankaj Singh,2
166,2009,R Ashwin,2
805,2014,S Kaul,2
1014,2016,S Nadeem,2
803,2014,S Badree,2
11,2008,B Akhil,2
1318,2019,S Kuggeleijn,2
285,2010,Pankaj Singh,2
1321,2019,S Nadeem,2
798,2014,R Tewatia,2
797,2014,R Shukla,2
1285,2019,L Ferguson,2
24,2008,DL Vettori,2
1015,2016,SB Jakati,2
1331,2019,Shakib Al Hasan,2
1030,2016,VR Aaron,2
782,2014,NM Coulter-Nile,2
722,2013,VS Malik,2
1062,2017,DJ Hooda,2
519,2012,J Theron,2
1021,2016,Sachin Baby,2
53,2008,Mohammad Hafeez,2
986,2016,MG Johnson,2
856,2015,GJ Maxwell,2
48,2008,MA Khote,2
505,2012,DR Smith,2
314,2010,ST Jayasuriya,2
293,2010,RG Sharma,2
869,2015,J Yadav,2
258,2010,Joginder Sharma,2
1265,2019,HV Patel,2
155,2009,MC Henriques,2
367,2011,DP Nannes,2
1272,2019,J Suchith,2
662,2013,LJ Wright,2
492,2012,BA Bhatt,2
660,2013,KW Richardson,2
633,2013,DR Smith,2
740,2014,DJ Hussey,2
183,2009,SC Ganguly,2
25,2008,DNT Zoysa,2
1064,2017,DR Smith,2
1090,2017,MM Patel,1
642,2013,Harmeet Singh (2),1
1031,2016,YK Pathan,1
644,2013,IC Pandey,1
625,2013,Bipul Sharma,1
613,2013,AS Rajpoot,1
1088,2017,MJ Henry,1
1039,2017,AB Dinda,1
1086,2017,MC Henriques,1
638,2013,GH Vihari,1
624,2013,BMAJ Mendis,1
1048,2017,Avesh Khan,1
1053,2017,BCJ Cutting,1
618,2013,B Laughlin,1
382,2011,JDP Oram,1
620,2013,BA Bhatt,1
628,2013,CL White,1
1060,2017,CR Brathwaite,1
610,2013,AJ Finch,1
149,2009,LA Carseldine,1
1063,2017,DL Chahar,1
405,2011,ND Doshi,1
1099,2017,NB Singh,1
1273,2019,J Yadav,1
483,2012,AL Menaria,1
1289,2019,M Markande,1
1283,2019,KV Sharma,1
1278,2019,K Khejroliya,1
1277,2019,K Gowtham,1
455,2011,TM Dilshan,1
493,2012,BJ Hodge,1
1234,2018,YK Pathan,1
497,2012,CJ McKay,1
449,2011,SS Mundhe,1
1250,2019,BCJ Cutting,1
1245,2019,Ankit Sharma,1
511,2012,GJ Maxwell,1
1239,2019,A Roy,1
481,2012,AD Russell,1
1293,2019,MM Sharma,1
20,2008,DB Ravi Teja,1
19,2008,D Salunkhe,1
1305,2019,P Raj,1
14,2008,BAW Mendis,1
474,2012,AA Jhunjhunwala,1
12,2008,B Geeves,1
1322,2019,S Rutherford,1
9,2008,AM Nayar,1
5,2008,AA Noffke,1
1330,2019,STR Binny,1
1333,2019,TG Southee,1
3,2008,A Nel,1
1335,2019,V Chakravarthy,1
1336,2019,V Shankar,1
462,2011,Y Nagar,1
57,2008,PM Sarvesh Kumar,1
521,2012,JD Ryder,1
131,2009,GR Napier,1
1124,2017,SS Agarwal,1
584,2012,TP Sudhindra,1
1140,2017,Yuvraj Singh,1
1138,2017,YK Pathan,1
120,2009,CH Gayle,1
392,2011,KMDN Kulasekara,1
1128,2017,Swapnil Singh,1
1119,2017,SK Raina,1
1232,2018,V Shankar,1
127,2009,DR Smith,1
599,2013,A Mithun,1
388,2011,JP Faulkner,1
601,2013,AA Chavan,1
604,2013,AB McDonald,1
605,2013,AC Gilchrist,1
1149,2018,Anureet Singh,1
111,2009,AM Rahane,1
397,2011,M Kartik,1
1164,2018,D Short,1
564,2012,RN ten Doeschate,1
92,2008,WA Mota,1
550,2012,PJ Sangwan,1
85,2008,TM Dilshan,1
1203,2018,Mohammad Nabi,1
75,2008,SK Raina,1
1209,2018,P Negi,1
71,2008,SB Joshi,1
69,2008,S Vidyut,1
535,2012,LR Shukla,1
433,2011,S Dhawan,1
64,2008,RG Sharma,1
525,2012,JP Duminy,1
1026,2016,TA Boult,1
1059,2017,CJ Jordan,1
937,2016,Ankit Sharma,1
250,2010,Iqbal Abdulla,1
866,2015,J Botha,1
835,2015,AN Ahmed,1
745,2014,GJ Maxwell,1
709,2013,SK Raina,1
199,2009,VRV Singh,1
868,2015,J Theron,1
681,2013,P Suyal,1
959,2016,HV Patel,1
903,2015,RG More,1
755,2014,JDS Neesham,1
758,2014,JO Holder,1
900,2015,R Tewatia,1
699,2013,RJ Harris,1
677,2013,NM Coulter-Nile,1
272,2010,MC Henriques,1
899,2015,R Dhawan,1
274,2010,MK Tiwary,1
761,2014,JW Hastings,1
675,2013,Mohammed Shami,1
201,2009,VY Mahesh,1
262,2010,KP Appanna,1
278,2010,ND Doshi,1
685,2013,PV Tambe,1
852,2015,DR Smith,1
731,2014,AD Russell,1
849,2015,DJ Hooda,1
336,2011,A Symonds,1
256,2010,JP Duminy,1
926,2015,Yuvraj Singh,1
928,2016,A Ashish Reddy,1
857,2015,GS Sandhu,1
859,2015,HH Pandya,1
212,2010,A Mithun,1
705,2013,S Ladda,1
846,2015,CJ Anderson,1
934,2016,AF Milne,1
912,2015,SN Thakur,1
724,2013,YK Pathan,1
736,2014,BCJ Cutting,1
686,2013,Parvez Rasool,1
907,2015,S Gopal,1
862,2015,I Sharma,1
277,2010,MS Gony,1
822,2014,VS Malik,1
796,2014,R Sharma,1
770,2014,LR Shukla,1
663,2013,LR Shukla,1
878,2015,Karanveer Singh,1
1002,2016,Parvez Rasool,1
303,2010,S Tyagi,1
1006,2016,R Sathish,1
795,2014,R Rampaul,1
769,2014,LMP Simmons,1
791,2014,Parvez Rasool,1
365,2011,DJ Hussey,1
787,2014,PJ Cummins,1
801,2014,RG Sharma,1
786,2014,P Suyal,1
324,2010,VS Malik,1
771,2014,M Kartik,1
327,2010,Y Nagar,1
887,2015,NLTC Perera,1
1020,2016,STR Binny,1
177,2009,RR Raje,1
716,2013,SW Tait,1
325,2010,VY Mahesh,1
997,2016,P Negi,1
918,2015,Shivam Sharma,1
718,2013,TL Suman,1
243,2010,DS Kulkarni,1
810,2014,SK Raina,1
329,2010,YA Abdulla,1
672,2013,MN Samuels,1
802,2014,RN ten Doeschate,1
892,2015,PJ Cummins,1
305,2010,SB Wagh,1
896,2015,Parvez Rasool,1
876,2015,KC Cariappa,1
190,2009,SS Sarkar,1
193,2009,T Henderson,1
242,2010,DR Smith,1
719,2013,TM Dilshan,0
425,2011,RG Sharma,0
321,2010,V Kohli,0
534,2012,LJ Wright,0
1246,2019,Avesh Khan,0
323,2010,VRV Singh,0
439,2011,S Sriram,0
509,2012,F du Plessis,0
1249,2019,BB Sran,0
1251,2019,Basil Thampi,0
441,2011,SB Styris,0
518,2012,J Syed Mohammad,0
239,2010,DJ Hussey,0
427,2011,RN ten Doeschate,0
60,2008,Pankaj Singh,0
245,2010,FY Fazal,0
721,2013,V Sehwag,0
527,2012,K Upadhyay,0
880,2015,M Vijay,0
532,2012,KP Pietersen,0
63,2008,RA Jadeja,0
1210,2018,PJ Sangwan,0
522,2012,JD Unadkat,0
1225,2018,STR Binny,0
881,2015,M de Lange,0
1236,2018,Yuvraj Singh,0
436,2011,S Rana,0
434,2011,S Ladda,0
871,2015,JD Unadkat,0
725,2013,YS Chahal,0
431,2011,RW Price,0
1024,2016,Swapnil Singh,0
1252,2019,C de Grandhomme,0
306,2010,SC Ganguly,0
825,2014,YK Pathan,0
824,2014,Y Venugopal Rao,0
1295,2019,Mandeep Singh,0
820,2014,V Shankar,0
818,2014,TG Southee,0
1304,2019,P R Barman,0
279,2010,NLTC Perera,0
16,2008,CL White,0
809,2014,SB Jakati,0
1309,2019,R Salam,0
808,2014,SA Yadav,0
15,2008,CK Kapugedera,0
807,2014,S Rana,0
1315,2019,S Dube,0
1254,2019,CR Brathwaite,0
459,2011,VS Malik,0
10,2008,Abdur Razzak,0
1320,2019,S Midhun,0
302,2010,S Sriram,0
1325,2019,SK Raina,0
1327,2019,SN Khan,0
4,2008,A Symonds,0
461,2011,Y Gnaneswara Rao,0
785,2014,P Negi,0
774,2014,M Vijay,0
298,2010,RS Gavaskar,0
470,2012,A Mithun,0
1339,2019,YK Pathan,0
271,2010,MB Parmar,0
482,2012,AG Murtaza,0
484,2012,AM Nayar,0
485,2012,AN Ahmed,0
851,2015,DJG Sammy,0
1256,2019,DJ Hooda,0
502,2012,DJ Harris,0
450,2011,STR Binny,0
1260,2019,H Brar,0
43,2008,LPC Silva,0
1262,2019,H Vihari,0
41,2008,K Goel,0
259,2010,K Goel,0
498,2012,CL White,0
261,2010,KAJ Roach,0
496,2012,CH Gayle,0
35,2008,Iqbal Abdulla,0
495,2012,Bipul Sharma,0
844,2015,CH Gayle,0
235,2010,CL White,0
318,2010,TL Suman,0
841,2015,BB Sran,0
454,2011,TL Suman,0
839,2015,Azhar Mahmood,0
315,2010,STR Binny,0
1281,2019,KC Cariappa,0
832,2015,AB Dinda,0
269,2010,M Morkel,0
486,2012,AUK Pathan,0
752,2014,Iqbal Abdulla,0
1286,2019,L Livingstone,0
544,2012,NLTC Perera,0
1183,2018,K Ahmed,0
420,2011,R Sathish,0
1080,2017,KA Pollard,0
968,2016,JD Unadkat,0
197,2009,V Kohli,0
615,2013,Ankit Sharma,0
974,2016,KA Pollard,0
142,2009,Jaskaran Singh,0
978,2016,KS Williamson,0
979,2016,KV Sharma,0
342,2011,AB McDonald,0
144,2009,K Goel,0
196,2009,TM Dilshan,0
1075,2017,J Yadav,0
350,2011,AS Raut,0
622,2013,BJ Hodge,0
1072,2017,IK Pathan,0
965,2016,J Suchith,0
962,2016,IK Pathan,0
680,2013,P Negi,0
198,2009,V Sehwag,0
1092,2017,MN Samuels,0
1094,2017,MS Gony,0
956,2016,GJ Maxwell,0
682,2013,PJ Sangwan,0
1098,2017,Mustafizur Rahman,0
954,2016,DW Steyn,0
608,2013,AD Russell,0
951,2016,DL Chahar,0
606,2013,AD Mascarenhas,0
345,2011,AJ Finch,0
948,2016,D Wiese,0
602,2013,AB Agarkar,0
943,2016,C Munro,0
1071,2017,I Sharma,0
623,2013,BJ Rohrer,0
984,2016,M Vijay,0
1045,2017,Ankit Sharma,0
175,2009,RR Bose,0
1029,2016,V Kohli,0
178,2009,RS Bopara,0
1033,2016,Yuvraj Singh,0
170,2009,RA Shaikh,0
1016,2016,SK Raina,0
639,2013,GJ Maxwell,0
1013,2016,S Ladda,0
651,2013,JDP Oram,0
1011,2016,S Gopal,0
1040,2017,AD Mathews,0
160,2009,Mashrafe Mortaza,0
637,2013,GB Hogg,0
635,2013,DT Christian,0
656,2013,K Upadhyay,0
151,2009,LRPL Taylor,0
1047,2017,Anureet Singh,0
157,2009,MK Tiwary,0
362,2011,DB Ravi Teja,0
1052,2017,BB Sran,0
999,2016,PJ Sangwan,0
630,2013,DJ Hussey,0
153,2009,M Morkel,0
354,2011,B Chipli,0
779,2014,MK Tiwary,0
993,2016,N Rana,0
189,2009,SR Tendulkar,0
353,2011,B Akhil,0
669,2013,MG Neser,0
351,2011,AUK Pathan,0
1110,2017,RA Tripathi,0
938,2016,Anureet Singh,0
1200,2018,MK Tiwary,0
568,2012,S Aravind,0
561,2012,RG Sharma,0
101,2009,A Mithun,0
228,2010,B Lee,0
227,2010,B Akhil,0
566,2012,RR Bhatkal,0
567,2012,RR Powar,0
1167,2018,DJ Hooda,0
339,2011,AA Kazi,0
107,2009,AB McDonald,0
463,2011,Y Venugopal Rao,0
707,2013,S Narwal,0
401,2011,MK Tiwary,0
1161,2018,CJ Jordan,0
908,2015,S Nadeem,0
1178,2018,J Dala,0
898,2015,R Bhatia,0
406,2011,NJ Rimmington,0
1182,2018,JP Duminy,0
373,2011,I Malhotra,0
407,2011,NL McCullum,0
894,2015,PP Ojha,0
557,2012,R Shukla,0
90,2008,VS Yeligati,0
411,2011,P Prasanth,0
415,2011,Pankaj Singh,0
891,2015,P Suyal,0
549,2012,PC Valthaty,0
1194,2018,M Lomror,0
328,2010,Y Venugopal Rao,0
232,2010,C Ganapathy,0
1197,2018,M Wood,0
909,2015,SA Abbott,0
225,2010,AN Ahmed,0
398,2011,M Manhas,0
922,2015,V Kohli,0
1116,2017,S Kaushik,0
692,2013,R Sathish,0
1118,2017,SB Jakati,0
390,2011,Joginder Sharma,0
124,2009,DJ Hussey,0
338,2011,AA Jhunjhunwala,0
593,2012,Y Venugopal Rao,0
592,2012,Y Nagar,0
216,2010,AA Jhunjhunwala,0
1127,2017,Shakib Al Hasan,0
337,2011,AA Chavan,0
588,2012,V Sehwag,0
393,2011,Kamran Khan,0
1134,2017,Tejas Baroka,0
220,2010,AC Voges,0
109,2009,AD Mathews,0
586,2012,V Kohli,0
698,2013,RG Sharma,0
394,2011,L Ablish,0
1142,2018,A Dananjaya,0
583,2012,TM Dilshan,0
700,2013,RN ten Doeschate,0
113,2009,AS Raut,0
582,2012,Sunny Gupta,0
396,2011,LRPL Taylor,0
1148,2018,Ankit Sharma,0
702,2013,RV Gomez,0
703,2013,S Badree,0
577,2012,SPD Smith,0
224,2010,AJ Finch,0
904,2015,RN ten Doeschate,0
